Time,Ping,Download,Upload,Tries
"20/06/21 9:06:06 PM"
"10/06/21 5:06:21 PM",38.961,31.28,5.86,0
"10/06/21 5:06:29 PM",32.517,27.4,5.68,0
"10/06/21 6:06:54 PM",33.703,30.12,5.86,0
"10/06/21 8:06:38 PM",34.057,29.9,5.59,0
"10/06/21 9:06:23 PM",43.992,177.08,5.71,0
"10/06/21 9:06:30 PM",30.457,158.88,5.79,0
"10/06/21 9:06:27 PM",80.312,134.85,5.44,0
"10/06/21 9:06:19 PM",29.973,150.06,5.95,0
"10/06/21 9:06:40 PM",39.211,104.72,6.15,0
"10/06/21 9:06:23 PM",32.681,169.13,6.05,0
"10/06/21 9:06:01 PM",32.512,124.6,6.02,0
"10/06/21 10:06:04 PM",35.534,100.57,5.91,0
"10/06/21 10:06:40 PM",41.966,184.06,5.94,0
"10/06/21 10:06:43 PM",62.633,142.94,6.17,0
"10/06/21 10:06:49 PM",37.416,138.89,5.94,0
"11/06/21 12:06:38 AM",34.006,155.05,5.5,0
"11/06/21 7:06:55 AM",31.738,138.5,5.16,0
"11/06/21 7:06:03 AM",29.649,141.67,5.39,0
"11/06/21 7:06:43 AM",36.946,164.06,5.98,0
"11/06/21 7:06:19 AM",35.627,176.1,5.58,0
"11/06/21 8:06:15 AM",33.284,156.68,6.01,0
"11/06/21 8:06:23 AM",30.581,149.62,5.95,0
"11/06/21 9:06:23 AM",33.945,155.76,5.99,0
"11/06/21 9:06:25 AM",29.997,129.05,5.88,0
"11/06/21 9:06:53 AM",33.019,95.4,5.63,0
"11/06/21 9:06:45 AM",92.552,44.54,5.24,0
"11/06/21 9:06:29 AM",35.312,99.89,5.81,0
"11/06/21 10:06:06 AM",34.025,144.1,5.92,0
"11/06/21 10:06:16 AM",31.051,147.9,5.78,0
"11/06/21 11:06:23 AM",29.977,112.64,5.85,0
"11/06/21 11:06:18 AM",31.539,124.57,4.82,0
"11/06/21 11:06:13 AM",32.931,123.92,5.82,1
"11/06/21 11:06:11 AM",36.146,161.98,5.54,1
"11/06/21 11:06:08 AM",0,0,0,3
"11/06/21 11:06:00 AM",36.699,169.96,5.88,1
"11/06/21 11:06:09 AM",37.527,160.61,5.79,1
"11/06/21 11:06:02 AM",33.438,118.11,5.92,1
"11/06/21 11:06:25 AM",32.066,143.73,4.67,1
"11/06/21 11:06:33 AM",46.494,127.89,5.75,1
"11/06/21 11:06:02 AM",41.265,124.95,5.83,1
"11/06/21 11:06:38 AM",34.807,166.23,5.87,1
"11/06/21 12:06:13 PM",0,0,0,5
"11/06/21 12:06:24 PM",33.738,153.4,6.02,1
"11/06/21 12:06:11 PM",0,0,0,5
"11/06/21 12:06:24 PM",32.415,99.83,6.02,1
"11/06/21 1:06:12 PM",0,0,0,5
"11/06/21 1:06:24 PM",43.569,168.92,5.92,1
"11/06/21 1:06:12 PM",0,0,0,5
"11/06/21 1:06:24 PM",32.14,166.91,6,1
"11/06/21 2:06:13 PM",0,0,0,5
"11/06/21 2:06:26 PM",71.79,79.71,5.78,1
"11/06/21 2:06:14 PM",0,0,0,5
"11/06/21 2:06:24 PM",31.514,31.16,6.04,1
"11/06/21 3:06:12 PM",0,0,0,5
"11/06/21 3:06:23 PM",35.944,32.04,6.18,1
"11/06/21 3:06:11 PM",0,0,0,5
"11/06/21 3:06:24 PM",33.65,30.73,5.98,1
"11/06/21 4:06:12 PM",0,0,0,5
"11/06/21 4:06:24 PM",42.907,32.39,6.02,1
"11/06/21 4:06:12 PM",0,0,0,5
"11/06/21 4:06:24 PM",35.245,51.65,5.82,1
"11/06/21 5:06:12 PM",0,0,0,5
"11/06/21 5:06:23 PM",36.421,169.24,6.06,1
"11/06/21 5:06:13 PM",0,0,0,5
"11/06/21 5:06:24 PM",39.007,155.07,5.89,1
"11/06/21 6:06:12 PM",0,0,0,5
"11/06/21 6:06:27 PM",48.946,45.72,5.91,1
"11/06/21 6:06:55 PM",42.62,37.28,5.86,1
"11/06/21 6:06:11 PM",0,0,0,5
"11/06/21 6:06:25 PM",39.745,28.52,5.82,1
"11/06/21 7:06:12 PM",0,0,0,5
"11/06/21 7:06:25 PM",54.57,18.02,5.94,1
"11/06/21 7:06:24 PM",34.174,92.57,6,1
"11/06/21 7:06:04 PM",32.282,99.27,5.96,1
"11/06/21 7:06:15 PM",0,0,0,5
"11/06/21 7:06:25 PM",44.13,37.16,6.06,1
"11/06/21 8:06:12 PM",0,0,0,5
"11/06/21 8:06:24 PM",39.316,135.95,5.92,1
"11/06/21 8:06:13 PM",0,0,0,5
"11/06/21 8:06:24 PM",43.468,156.56,6.11,1
"11/06/21 9:06:13 PM",0,0,0,5
"11/06/21 9:06:24 PM",31.621,141.24,5.97,1
"11/06/21 9:06:12 PM",0,0,0,5
"11/06/21 9:06:24 PM",30.99,143.88,5.53,1
"11/06/21 10:06:11 PM",0,0,0,5
"11/06/21 10:06:24 PM",31.941,156.46,5.99,1
"11/06/21 10:06:12 PM",0,0,0,5
"11/06/21 10:06:24 PM",39.9,112.83,5.85,1
"11/06/21 11:06:13 PM",0,0,0,5
"11/06/21 11:06:24 PM",33.655,123.47,5.97,1
"11/06/21 11:06:11 PM",0,0,0,5
"11/06/21 11:06:24 PM",36.637,160.15,5.46,1
"12/06/21 12:06:12 AM",0,0,0,5
"12/06/21 12:06:24 AM",36.652,72.93,6.01,1
"12/06/21 12:06:11 AM",0,0,0,5
"12/06/21 12:06:24 AM",37.383,104.83,6.01,1
"12/06/21 1:06:13 AM",0,0,0,5
"12/06/21 1:06:23 AM",43.592,101.89,6.01,1
"12/06/21 1:06:12 AM",0,0,0,5
"12/06/21 1:06:24 AM",34.969,109.2,5.95,1
"12/06/21 2:06:12 AM",0,0,0,5
"12/06/21 2:06:24 AM",29.897,126.57,6.02,1
"12/06/21 2:06:11 AM",0,0,0,5
"12/06/21 2:06:25 AM",36.452,3.82,5.53,1
"12/06/21 3:06:12 AM",0,0,0,5
"12/06/21 3:06:24 AM",38.57,90.35,5.98,1
"12/06/21 3:06:13 AM",0,0,0,5
"12/06/21 3:06:24 AM",37.066,30.72,5.9,1
"12/06/21 4:06:14 AM",0,0,0,5
"12/06/21 4:06:25 AM",40.721,32.71,5.08,1
"12/06/21 4:06:12 AM",0,0,0,5
"12/06/21 4:06:24 AM",35.574,8.04,5.88,1
"12/06/21 5:06:12 AM",0,0,0,5
"12/06/21 5:06:23 AM",30.826,121.53,6.19,1
"12/06/21 5:06:39 AM",30.999,11.95,5.99,3
"12/06/21 5:06:23 AM",32.975,40.78,6.07,1
"12/06/21 6:06:11 AM",0,0,0,5
"12/06/21 6:06:24 AM",32.027,110.98,5.98,1
"12/06/21 6:06:14 AM",0,0,0,5
"12/06/21 6:06:23 AM",35.031,108.72,6.02,1
"12/06/21 7:06:11 AM",0,0,0,5
"12/06/21 7:06:24 AM",33.65,49.95,6.13,1
"12/06/21 7:06:10 AM",0,0,0,5
"12/06/21 7:06:24 AM",32.774,96.74,6.05,1
"12/06/21 8:06:13 AM",0,0,0,5
"12/06/21 8:06:24 AM",32.751,50.5,5.99,1
"12/06/21 8:06:12 AM",0,0,0,5
"12/06/21 8:06:24 AM",41.968,152.38,5.96,1
"12/06/21 9:06:11 AM",0,0,0,5
"12/06/21 9:06:23 AM",32.779,64.66,6.19,1
"12/06/21 9:06:11 AM",0,0,0,5
"12/06/21 9:06:24 AM",47.24,115.36,6.02,1
"12/06/21 10:06:13 AM",0,0,0,5
"12/06/21 10:06:25 AM",45.815,7.88,5.81,1
"12/06/21 10:06:13 AM",0,0,0,5
"12/06/21 10:06:24 AM",34.813,46.85,6.01,1
"12/06/21 11:06:12 AM",0,0,0,5
"12/06/21 11:06:29 AM",32.97,84.57,3.99,1
"12/06/21 11:06:12 AM",0,0,0,5
"12/06/21 11:06:25 AM",34.884,13.21,6.08,1
"12/06/21 12:06:38 PM",33.915,15.21,5.94,4
"12/06/21 12:06:25 PM",41.241,12.05,5.97,1
"12/06/21 12:06:37 PM",35.284,19.68,5.97,5
"12/06/21 12:06:26 PM",35.321,11.37,5.22,1
"12/06/21 1:06:37 PM",32.926,15.48,5.73,4
"12/06/21 1:06:54 PM",89.663,73.76,5.67,1
"12/06/21 1:06:28 PM",71.498,2.14,5.89,1
"12/06/21 1:06:12 PM",0,0,0,5
"12/06/21 1:06:24 PM",34.938,31.9,6.06,1
"12/06/21 2:06:12 PM",0,0,0,5
"12/06/21 2:06:24 PM",33.454,30.29,6.07,1
"12/06/21 2:06:12 PM",0,0,0,5
"12/06/21 2:06:24 PM",34.57,28.94,6.07,1
"12/06/21 3:06:11 PM",0,0,0,5
"12/06/21 3:06:24 PM",31.725,30.54,6.09,1
"12/06/21 3:06:12 PM",0,0,0,5
"12/06/21 3:06:24 PM",31.513,32.04,6.07,1
"12/06/21 4:06:12 PM",0,0,0,5
"12/06/21 4:06:24 PM",43.312,30.98,6.21,1
"12/06/21 4:06:11 PM",0,0,0,5
"12/06/21 4:06:24 PM",42.387,30.13,6.03,1
"12/06/21 5:06:11 PM",0,0,0,5
"12/06/21 5:06:24 PM",35.672,32.75,5.96,1
"12/06/21 5:06:11 PM",0,0,0,5
"12/06/21 5:06:24 PM",32.293,29.58,6.01,1
"12/06/21 6:06:12 PM",0,0,0,5
"12/06/21 6:06:24 PM",33.31,30.34,6.05,1
"12/06/21 6:06:11 PM",0,0,0,5
"12/06/21 6:06:24 PM",41.049,32.2,6.07,1
"12/06/21 7:06:12 PM",0,0,0,5
"12/06/21 7:06:33 PM",35.505,32.24,0.77,1
"12/06/21 7:06:13 PM",0,0,0,5
"12/06/21 7:06:25 PM",36.772,29.27,5.95,1
"12/06/21 8:06:11 PM",0,0,0,5
"12/06/21 8:06:24 PM",35.928,31.05,6.03,1
"12/06/21 8:06:13 PM",0,0,0,5
"12/06/21 8:06:24 PM",50.431,4.89,5.55,1
"12/06/21 9:06:14 PM",0,0,0,5
"12/06/21 9:06:24 PM",33.576,15.62,6.02,1
"12/06/21 9:06:11 PM",0,0,0,5
"12/06/21 9:06:24 PM",34.325,142.77,5.9,1
"12/06/21 10:06:12 PM",0,0,0,5
"12/06/21 10:06:24 PM",34.621,115.26,5.77,1
"12/06/21 10:06:12 PM",0,0,0,5
"12/06/21 10:06:24 PM",37.801,136.68,5.88,1
"12/06/21 11:06:12 PM",0,0,0,5
"12/06/21 11:06:24 PM",37.816,155.93,5.59,1
"12/06/21 11:06:12 PM",0,0,0,5
"12/06/21 11:06:23 PM",36.126,167.31,6.04,1
"13/06/21 12:06:13 AM",0,0,0,5
"13/06/21 12:06:24 AM",39.776,161.94,6.13,1
"13/06/21 12:06:12 AM",0,0,0,5
"13/06/21 12:06:24 AM",40.859,156.36,6.01,1
"13/06/21 1:06:11 AM",0,0,0,5
"13/06/21 1:06:24 AM",33.721,141.05,6.02,1
"13/06/21 1:06:11 AM",0,0,0,5
"13/06/21 1:06:25 AM",33.361,161.92,5.88,1
"13/06/21 2:06:11 AM",0,0,0,5
"13/06/21 2:06:24 AM",31.801,140.78,6.04,1
"13/06/21 2:06:12 AM",0,0,0,5
"13/06/21 2:06:24 AM",33.668,68.01,5.46,1
"13/06/21 3:06:12 AM",0,0,0,5
"13/06/21 3:06:23 AM",52.819,34.84,5.98,1
"13/06/21 3:06:12 AM",0,0,0,5
"13/06/21 3:06:25 AM",32.752,10.79,5.95,1
"13/06/21 4:06:48 AM",61.641,6.74,2.9,1
"13/06/21 4:06:26 AM",39.761,10.55,5.28,1
"13/06/21 4:06:14 AM",0,0,0,5
"13/06/21 4:06:24 AM",38.662,13.38,5.93,1
"13/06/21 5:06:13 AM",0,0,0,5
"13/06/21 5:06:24 AM",37.72,21.89,6.16,1
"13/06/21 5:06:14 AM",0,0,0,5
"13/06/21 5:06:24 AM",43.021,22.6,6.16,1
"13/06/21 6:06:12 AM",0,0,0,5
"13/06/21 6:06:24 AM",38.296,17.95,5.88,1
"13/06/21 6:06:12 AM",0,0,0,5
"13/06/21 6:06:26 AM",34.434,6.11,5.74,1
"13/06/21 7:06:14 AM",0,0,0,5
"13/06/21 7:06:25 AM",63.583,5.92,5.79,1
"13/06/21 7:06:11 AM",0,0,0,5
"13/06/21 7:06:24 AM",35.578,154.09,6.04,1
"13/06/21 8:06:12 AM",0,0,0,5
"13/06/21 8:06:24 AM",31.51,147.23,5.97,1
"13/06/21 8:06:12 AM",0,0,0,5
"13/06/21 8:06:24 AM",34.125,179.79,6.19,1
"13/06/21 9:06:12 AM",0,0,0,5
"13/06/21 9:06:24 AM",37.727,184.35,6.14,1
"13/06/21 9:06:11 AM",0,0,0,5
"13/06/21 9:06:24 AM",35.201,176.74,6.22,1
"13/06/21 10:06:10 AM",0,0,0,5
"13/06/21 10:06:24 AM",40.138,162.58,6.01,1
"13/06/21 10:06:12 AM",0,0,0,5
"13/06/21 10:06:24 AM",42.397,7.82,5.98,1
"13/06/21 11:06:11 AM",0,0,0,5
"13/06/21 11:06:24 AM",28.092,98.51,5.96,1
"13/06/21 11:06:14 AM",0,0,0,5
"13/06/21 11:06:23 AM",27.786,168.57,6.02,1
"13/06/21 12:06:12 PM",0,0,0,5
"13/06/21 12:06:24 PM",29.485,152.97,6.03,1
"13/06/21 12:06:53 PM",42.398,3.07,2.27,3
"13/06/21 12:06:32 PM",32.621,1.7,6.01,1
"13/06/21 1:06:11 PM",0,0,0,5
"13/06/21 1:06:24 PM",28.96,120.94,5.98,1
"13/06/21 1:06:39 PM",40.693,10.53,5.93,3
"13/06/21 1:06:28 PM",33.928,7.15,5.96,1
"13/06/21 2:06:12 PM",0,0,0,5
"13/06/21 2:06:27 PM",36.672,40.64,5.71,1
"13/06/21 2:06:12 PM",0,0,0,5
"13/06/21 2:06:23 PM",28.52,49.49,6.06,1
"13/06/21 3:06:14 PM",0,0,0,5
"13/06/21 3:06:25 PM",32.111,27.24,6.07,1
"13/06/21 3:06:12 PM",0,0,0,5
"13/06/21 3:06:24 PM",28.862,26.05,5.91,1
"13/06/21 4:06:12 PM",0,0,0,5
"13/06/21 4:06:42 PM",52.221,13.25,6.15,1
"13/06/21 4:06:36 PM",35.717,28.19,5.97,5
"13/06/21 4:06:23 PM",32.386,32.68,6.16,1
"13/06/21 5:06:11 PM",0,0,0,5
"13/06/21 5:06:24 PM",28.348,32.4,6.05,1
"13/06/21 5:06:10 PM",0,0,0,5
"13/06/21 5:06:24 PM",30.61,28.31,5.98,1
"13/06/21 6:06:10 PM",0,0,0,5
"13/06/21 6:06:23 PM",44.957,32.25,6.04,1
"13/06/21 6:06:10 PM",0,0,0,5
"13/06/21 6:06:24 PM",30.932,32.21,6.04,1
"13/06/21 7:06:11 PM",0,0,0,5
"13/06/21 7:06:24 PM",33.288,32.26,5.98,1
"13/06/21 7:06:12 PM",0,0,0,5
"13/06/21 7:06:24 PM",54.189,32.61,6.07,1
"13/06/21 8:06:11 PM",0,0,0,5
"13/06/21 8:06:24 PM",51.613,32.65,6.19,1
"13/06/21 8:06:11 PM",0,0,0,5
"13/06/21 8:06:24 PM",39.945,31.99,6.03,1
"13/06/21 9:06:11 PM",0,0,0,5
"13/06/21 9:06:24 PM",58.527,27.87,6.1,1
"13/06/21 9:06:12 PM",0,0,0,5
"13/06/21 9:06:24 PM",38.504,26.55,5.87,1
"13/06/21 10:06:11 PM",0,0,0,5
"13/06/21 10:06:25 PM",50.923,29.5,5.95,1
"13/06/21 10:06:11 PM",0,0,0,5
"13/06/21 10:06:24 PM",38.804,32.05,5.86,1
"13/06/21 11:06:11 PM",0,0,0,5
"13/06/21 11:06:24 PM",35.869,29.74,6.05,1
"13/06/21 11:06:11 PM",0,0,0,5
"13/06/21 11:06:23 PM",33.976,32.6,6.17,1
"14/06/21 12:06:12 AM",0,0,0,5
"14/06/21 12:06:24 AM",29.62,32.65,5.94,1
"14/06/21 12:06:11 AM",0,0,0,5
"14/06/21 12:06:24 AM",33.771,32.81,6.14,1
"14/06/21 1:06:11 AM",0,0,0,5
"14/06/21 1:06:23 AM",27.097,32.05,5.99,1
"14/06/21 1:06:11 AM",0,0,0,5
"14/06/21 1:06:24 AM",31.574,31.33,6.03,1
"14/06/21 2:06:11 AM",0,0,0,5
"14/06/21 2:06:24 AM",28.472,32.7,5.95,1
"14/06/21 2:06:11 AM",0,0,0,5
"14/06/21 2:06:24 AM",38.629,160.24,6.02,1
"14/06/21 3:06:11 AM",0,0,0,5
"14/06/21 3:06:24 AM",29.651,8.58,5.95,1
"14/06/21 3:06:12 AM",0,0,0,5
"14/06/21 3:06:24 AM",40.226,32.71,4.14,1
"14/06/21 4:06:11 AM",0,0,0,5
"14/06/21 4:06:24 AM",29.632,32.74,6.24,1
"14/06/21 4:06:11 AM",0,0,0,5
"14/06/21 4:06:24 AM",28.237,16.43,6,1
"14/06/21 5:06:37 AM",32.757,18.85,5.97,5
"14/06/21 5:06:25 AM",37.627,10.3,1.05,1
"14/06/21 5:06:40 AM",41.929,5.26,2.78,5
"14/06/21 5:06:36 AM",37.663,3.77,1.75,1
"14/06/21 6:06:10 AM",0,0,0,5
"14/06/21 6:06:24 AM",33.243,161.94,5.97,1
"14/06/21 6:06:10 AM",0,0,0,5
"14/06/21 6:06:24 AM",32.503,161.5,6.06,1
"14/06/21 7:06:11 AM",0,0,0,5
"14/06/21 7:06:24 AM",40.358,146.63,6.09,1
"14/06/21 7:06:10 AM",0,0,0,5
"14/06/21 7:06:24 AM",41.993,182.72,6.07,1
"14/06/21 8:06:37 AM",32.317,154.83,5.99,5
"14/06/21 8:06:24 AM",37.281,166.79,5.85,1
"14/06/21 8:06:10 AM",0,0,0,5
"14/06/21 8:06:24 AM",28.995,179.06,5.95,1
"14/06/21 9:06:10 AM",0,0,0,5
"14/06/21 9:06:24 AM",27.554,158.88,5.93,1
"14/06/21 9:06:11 AM",0,0,0,5
"14/06/21 9:06:24 AM",28.505,160.9,5.98,1
"14/06/21 10:06:11 AM",0,0,0,5
"14/06/21 10:06:24 AM",27.628,166.36,5.85,1
"14/06/21 10:06:11 AM",0,0,0,5
"14/06/21 10:06:24 AM",34.818,169.69,6.14,1
"14/06/21 11:06:10 AM",0,0,0,5
"14/06/21 11:06:24 AM",32.391,175.43,5.92,1
"14/06/21 11:06:10 AM",0,0,0,5
"14/06/21 11:06:24 AM",33.454,157.87,5.84,1
"14/06/21 12:06:12 PM",0,0,0,5
"14/06/21 12:06:24 PM",29.902,166.39,5.9,1
"14/06/21 12:06:11 PM",0,0,0,5
"14/06/21 12:06:25 PM",28.808,180.43,5.86,1
"14/06/21 1:06:11 PM",0,0,0,5
"14/06/21 1:06:23 PM",37.357,160.43,5.99,1
"14/06/21 1:06:20 PM",81.222,2.78,1.11,4
"14/06/21 1:06:54 PM",86.43,0,0,1
"14/06/21 1:06:41 PM",0,0,0,5
"14/06/21 1:06:51 PM",0,0,0,5
"14/06/21 2:06:38 PM",49.361,134.63,5.66,2
"14/06/21 2:06:24 PM",38.414,156.93,6.1,1
"14/06/21 2:06:12 PM",0,0,0,5
"14/06/21 2:06:24 PM",33.957,115.44,5.93,1
"14/06/21 3:06:12 PM",0,0,0,5
"14/06/21 3:06:24 PM",35.915,137.95,5.94,1
"14/06/21 3:06:12 PM",0,0,0,5
"14/06/21 3:06:26 PM",40.3,95.77,2.41,1
"14/06/21 4:06:44 PM",58.418,62.08,2.41,3
"14/06/21 4:06:28 PM",33.213,39.49,2.76,1
"14/06/21 4:06:11 PM",0,0,0,5
"14/06/21 4:06:24 PM",32.121,153.57,6.14,1
"14/06/21 5:06:38 PM",31.861,38.32,6.04,5
"14/06/21 5:06:24 PM",32.287,109.43,6.08,1
"14/06/21 5:06:11 PM",0,0,0,5
"14/06/21 5:06:30 PM",43.838,55.82,5.28,1
"14/06/21 6:06:12 PM",0,0,0,5
"14/06/21 6:06:24 PM",34.307,93.23,5.91,1
"14/06/21 6:06:11 PM",0,0,0,5
"14/06/21 6:06:24 PM",32.459,38.72,5.95,1
"14/06/21 7:06:10 PM",0,0,0,5
"14/06/21 7:06:24 PM",32.302,75.24,6.01,1
"14/06/21 7:06:12 PM",0,0,0,5
"14/06/21 7:06:24 PM",33.807,116.72,6.01,1
"14/06/21 8:06:11 PM",0,0,0,5
"14/06/21 8:06:24 PM",32.795,130.27,6.01,1
"14/06/21 8:06:37 PM",27.638,106.79,5.86,5
"14/06/21 8:06:23 PM",35.742,144.25,6.19,1
"14/06/21 9:06:12 PM",0,0,0,5
"14/06/21 9:06:24 PM",36.427,100.01,5.96,1
"14/06/21 9:06:11 PM",0,0,0,5
"14/06/21 9:06:23 PM",28.515,127.43,5.94,1
"14/06/21 10:06:11 PM",0,0,0,5
"14/06/21 10:06:24 PM",29.405,151.68,5.91,1
"14/06/21 10:06:11 PM",0,0,0,5
"14/06/21 10:06:24 PM",36.435,158.36,5.89,1
"14/06/21 11:06:11 PM",0,0,0,5
"14/06/21 11:06:24 PM",30.224,132.37,6.04,1
"14/06/21 11:06:10 PM",0,0,0,5
"14/06/21 11:06:24 PM",31.114,88.76,6.03,1
"15/06/21 12:06:12 AM",0,0,0,5
"15/06/21 12:06:24 AM",40.471,51.87,5.97,1
"15/06/21 12:06:13 AM",0,0,0,5
"15/06/21 12:06:24 AM",28.908,155.27,5.85,1
"15/06/21 1:06:11 AM",0,0,0,5
"15/06/21 1:06:24 AM",33.652,124.98,5.96,1
"15/06/21 1:06:11 AM",0,0,0,5
"15/06/21 1:06:24 AM",29.103,165.8,5.89,1
"15/06/21 2:06:14 AM",0,0,0,5
"15/06/21 2:06:23 AM",30.79,169.79,5.98,1
"15/06/21 2:06:09 AM",0,0,0,5
"15/06/21 2:06:24 AM",36.853,185.19,6.09,1
"15/06/21 3:06:10 AM",0,0,0,5
"15/06/21 3:06:23 AM",29.434,152.77,5.99,1
"15/06/21 3:06:11 AM",0,0,0,5
"15/06/21 3:06:23 AM",31.615,171.61,5.93,1
"15/06/21 4:06:09 AM",0,0,0,5
"15/06/21 4:06:24 AM",29.542,169.75,5.94,1
"15/06/21 4:06:08 AM",0,0,0,5
"15/06/21 4:06:23 AM",29.571,166.1,6.05,1
"15/06/21 5:06:12 AM",0,0,0,5
"15/06/21 5:06:23 AM",29.435,176.25,5.98,1
"15/06/21 5:06:11 AM",0,0,0,5
"15/06/21 5:06:24 AM",32.076,167.59,5.97,1
"15/06/21 6:06:09 AM",0,0,0,5
"15/06/21 6:06:24 AM",33.938,153.64,5.97,1
"15/06/21 6:06:10 AM",0,0,0,5
"15/06/21 6:06:23 AM",32.283,165.37,6.03,1
"15/06/21 7:06:11 AM",0,0,0,5
"15/06/21 7:06:24 AM",29.981,161.77,5.99,1
"15/06/21 7:06:10 AM",0,0,0,5
"15/06/21 7:06:24 AM",36.203,174.24,5.19,1
"15/06/21 8:06:13 AM",0,0,0,5
"15/06/21 8:06:24 AM",55.13,132.92,5.85,1
"15/06/21 8:06:12 AM",0,0,0,5
"15/06/21 8:06:23 AM",29.762,149.88,5.93,1
"15/06/21 9:06:13 AM",0,0,0,5
"15/06/21 9:06:24 AM",31.192,166.77,5.84,1
"15/06/21 9:06:11 AM",0,0,0,5
"15/06/21 9:06:24 AM",41.159,153.21,5.97,1
"15/06/21 10:06:10 AM",0,0,0,5
"15/06/21 10:06:24 AM",46.207,129.45,5.99,1
"15/06/21 10:06:10 AM",0,0,0,5
"15/06/21 10:06:24 AM",50.31,138.97,6.15,1
"15/06/21 11:06:47 AM",52.678,2.54,2.36,3
"15/06/21 11:06:39 AM",60.048,4.04,2.85,1
"15/06/21 11:06:42 AM",44.876,3.28,2.57,1
"15/06/21 11:06:52 AM",77.273,1.34,0.41,1
"15/06/21 12:06:53 PM",58.522,2.32,2.08,5
"15/06/21 12:06:52 PM",0,0,0,5
"15/06/21 12:06:12 PM",0,0,0,5
"15/06/21 12:06:24 PM",52.762,29.38,6.06,1
"15/06/21 1:06:10 PM",0,0,0,5
"15/06/21 1:06:24 PM",29.591,31.19,5.95,1
"15/06/21 1:06:10 PM",0,0,0,5
"15/06/21 1:06:23 PM",28.501,28.38,5.56,1
"15/06/21 2:06:10 PM",0,0,0,5
"15/06/21 2:06:23 PM",36.269,30.6,5.93,1
"15/06/21 2:06:11 PM",0,0,0,5
"15/06/21 2:06:24 PM",42.062,29.27,5.94,1
"15/06/21 3:06:12 PM",0,0,0,5
"15/06/21 3:06:24 PM",53.579,29.88,6.06,1
"15/06/21 3:06:10 PM",0,0,0,5
"15/06/21 3:06:25 PM",50.235,28.84,5.86,1
"15/06/21 4:06:09 PM",0,0,0,5
"15/06/21 4:06:24 PM",30.054,27.08,5.95,1
"15/06/21 4:06:09 PM",0,0,0,5
"15/06/21 4:06:23 PM",36.534,31.44,5.85,1
"15/06/21 5:06:12 PM",0,0,0,5
"15/06/21 5:06:23 PM",28.297,31.37,5.85,1
"15/06/21 5:06:10 PM",0,0,0,5
"15/06/21 5:06:24 PM",37.918,31.86,6.11,1
"15/06/21 6:06:13 PM",0,0,0,5
"15/06/21 6:06:23 PM",30.342,31.58,6.01,1
"15/06/21 6:06:11 PM",0,0,0,5
"15/06/21 6:06:24 PM",41.115,32.31,5.94,1
"15/06/21 7:06:11 PM",0,0,0,5
"15/06/21 7:06:23 PM",28.18,31.68,6.06,1
"15/06/21 7:06:10 PM",0,0,0,5
"15/06/21 7:06:23 PM",26.295,28.64,5.76,1
"15/06/21 8:06:09 PM",0,0,0,5
"15/06/21 8:06:24 PM",30.395,182.3,5.92,1
"15/06/21 8:06:11 PM",0,0,0,5
"15/06/21 8:06:24 PM",45.115,180.8,5.95,1
"15/06/21 9:06:10 PM",0,0,0,5
"15/06/21 9:06:23 PM",33.009,121.15,6.01,1
"15/06/21 9:06:09 PM",0,0,0,5
"15/06/21 9:06:23 PM",38.153,190.45,6.15,1
"15/06/21 10:06:10 PM",0,0,0,5
"15/06/21 10:06:24 PM",30.818,129.64,5.72,1
"15/06/21 10:06:09 PM",0,0,0,5
"15/06/21 10:06:26 PM",39.665,50.28,5.69,1
"15/06/21 11:06:09 PM",0,0,0,5
"15/06/21 11:06:27 PM",46.77,41.28,5.58,1
"15/06/21 11:06:08 PM",0,0,0,5
"15/06/21 11:06:28 PM",40.505,121.67,5.61,1
"16/06/21 12:06:09 AM",0,0,0,5
"16/06/21 12:06:24 AM",42.016,152.48,5.59,1
"16/06/21 12:06:10 AM",0,0,0,5
"16/06/21 12:06:23 AM",44.924,164.54,5.7,1
"16/06/21 1:06:09 AM",0,0,0,5
"16/06/21 1:06:24 AM",47.099,167.54,5.77,1
"16/06/21 1:06:09 AM",0,0,0,5
"16/06/21 1:06:23 AM",38.235,91.76,5.65,1
"16/06/21 2:06:10 AM",0,0,0,5
"16/06/21 2:06:24 AM",44.487,87.37,5.75,1
"16/06/21 2:06:07 AM",0,0,0,5
"16/06/21 2:06:24 AM",38.408,84.86,5.79,1
"16/06/21 3:06:09 AM",0,0,0,5
"16/06/21 3:06:28 AM",41.539,99.84,5.78,1
"16/06/21 3:06:10 AM",0,0,0,5
"16/06/21 3:06:28 AM",42.14,120.43,5.78,1
"16/06/21 4:06:08 AM",0,0,0,5
"16/06/21 4:06:25 AM",40.071,11.53,5.75,1
"16/06/21 4:06:08 AM",0,0,0,5
"16/06/21 4:06:23 AM",45.85,158.5,5.66,1
"16/06/21 5:06:09 AM",0,0,0,5
"16/06/21 5:06:24 AM",38.64,69.21,5.8,1
"16/06/21 5:06:08 AM",0,0,0,5
"16/06/21 5:06:23 AM",41.757,163.72,5.52,1
"16/06/21 6:06:09 AM",0,0,0,5
"16/06/21 6:06:25 AM",40.736,94.37,5.76,1
"16/06/21 6:06:07 AM",0,0,0,5
"16/06/21 6:06:24 AM",40.813,173.4,5.76,1
"16/06/21 7:06:09 AM",0,0,0,5
"16/06/21 7:06:24 AM",38.848,158.19,5.7,1
"16/06/21 7:06:10 AM",0,0,0,5
"16/06/21 7:06:24 AM",41.487,157.12,5.8,1
"16/06/21 8:06:09 AM",0,0,0,5
"16/06/21 8:06:24 AM",39.94,170.94,5.54,1
"16/06/21 8:06:09 AM",0,0,0,5
"16/06/21 8:06:23 AM",40.077,71.73,5.72,1
"16/06/21 9:06:10 AM",0,0,0,5
"16/06/21 9:06:24 AM",55.401,151.35,5.79,1
"16/06/21 9:06:10 AM",0,0,0,5
"16/06/21 9:06:24 AM",30.155,153.83,5.71,1
"16/06/21 10:06:10 AM",0,0,0,5
"16/06/21 10:06:23 AM",30.738,164.49,5.51,1
"16/06/21 10:06:12 AM",0,0,0,5
"16/06/21 10:06:23 AM",40.913,180.73,6.04,1
"16/06/21 11:06:12 AM",0,0,0,5
"16/06/21 11:06:24 AM",41.892,146.93,5.84,1
"16/06/21 11:06:11 AM",0,0,0,5
"16/06/21 11:06:23 AM",38.28,132.98,5.89,1
"16/06/21 12:06:11 PM",0,0,0,5
"16/06/21 12:06:24 PM",30.229,168.43,6.01,1
"16/06/21 12:06:12 PM",0,0,0,5
"16/06/21 12:06:23 PM",36.563,126.18,5.88,1
"16/06/21 1:06:10 PM",0,0,0,5
"16/06/21 1:06:23 PM",26.318,179.93,6.01,1
"16/06/21 1:06:11 PM",0,0,0,5
"16/06/21 1:06:23 PM",36.635,173.11,5.99,1
"16/06/21 2:06:12 PM",0,0,0,5
"16/06/21 2:06:23 PM",36.048,167.32,5.65,1
"16/06/21 2:06:10 PM",0,0,0,5
"16/06/21 2:06:24 PM",30.316,165.79,5.96,1
"16/06/21 3:06:10 PM",0,0,0,5
"16/06/21 3:06:23 PM",33.465,184.31,6.01,1
"16/06/21 3:06:09 PM",0,0,0,5
"16/06/21 3:06:23 PM",26.458,159.56,5.93,1
"16/06/21 4:06:11 PM",0,0,0,5
"16/06/21 4:06:23 PM",28.397,127.93,5.96,1
"16/06/21 4:06:11 PM",0,0,0,5
"16/06/21 4:06:23 PM",30.699,156.9,5.81,1
"16/06/21 5:06:11 PM",0,0,0,5
"16/06/21 5:06:23 PM",33.938,186.69,6.02,1
"16/06/21 5:06:12 PM",0,0,0,5
"16/06/21 5:06:23 PM",42.947,182.25,5.97,1
"16/06/21 6:06:11 PM",0,0,0,5
"16/06/21 6:06:24 PM",39.58,157.22,5.4,1
"16/06/21 6:06:11 PM",0,0,0,5
"16/06/21 6:06:24 PM",54.478,27.87,5.88,1
"16/06/21 7:06:10 PM",0,0,0,5
"16/06/21 7:06:23 PM",30.482,31.45,5.78,1
"16/06/21 7:06:12 PM",0,0,0,5
"16/06/21 7:06:23 PM",32.929,31.39,5.78,1
"16/06/21 8:06:10 PM",0,0,0,5
"16/06/21 8:06:23 PM",38.393,29.89,6.07,1
"16/06/21 8:06:12 PM",0,0,0,5
"16/06/21 8:06:24 PM",28.538,29.44,5.95,1
"16/06/21 9:06:12 PM",0,0,0,5
"16/06/21 9:06:24 PM",26.919,31.82,5.89,1
"16/06/21 9:06:11 PM",0,0,0,5
"16/06/21 9:06:24 PM",36.983,31.9,5.98,1
"16/06/21 10:06:11 PM",0,0,0,5
"16/06/21 10:06:23 PM",32.492,31.4,5.87,1
"16/06/21 10:06:10 PM",0,0,0,5
"16/06/21 10:06:23 PM",40.796,32.23,5.59,1
"16/06/21 11:06:11 PM",0,0,0,5
"16/06/21 11:06:23 PM",28.227,32.07,5.9,1
"16/06/21 11:06:11 PM",0,0,0,5
"16/06/21 11:06:23 PM",37.95,32.19,5.89,1
"17/06/21 12:06:10 AM",0,0,0,5
"17/06/21 12:06:26 AM",57.413,5.65,5.99,1
"17/06/21 12:06:13 AM",0,0,0,5
"17/06/21 12:06:23 AM",33.776,32.14,6.01,1
"17/06/21 1:06:11 AM",0,0,0,5
"17/06/21 1:06:24 AM",34.49,32.14,5.96,1
"17/06/21 1:06:11 AM",0,0,0,5
"17/06/21 1:06:23 AM",32.134,32.22,6,1
"17/06/21 2:06:12 AM",0,0,0,5
"17/06/21 2:06:24 AM",34.524,32.51,6.22,1
"17/06/21 2:06:12 AM",0,0,0,5
"17/06/21 2:06:24 AM",31.147,31.31,6,1
"17/06/21 3:06:09 AM",0,0,0,5
"17/06/21 3:06:23 AM",44.337,32.45,6.03,1
"17/06/21 3:06:12 AM",0,0,0,5
"17/06/21 3:06:23 AM",33.874,31.89,5.85,1
"17/06/21 4:06:10 AM",0,0,0,5
"17/06/21 4:06:23 AM",29.439,32.15,6.03,1
"17/06/21 4:06:10 AM",0,0,0,5
"17/06/21 4:06:23 AM",27.805,32.22,5.87,1
"17/06/21 5:06:10 AM",0,0,0,5
"17/06/21 5:06:23 AM",27.417,31.42,5.97,1
"17/06/21 5:06:10 AM",0,0,0,5
"17/06/21 5:06:23 AM",36.077,32.3,5.87,1
"17/06/21 6:06:11 AM",0,0,0,5
"17/06/21 6:06:24 AM",36.264,31.56,5.81,1
"17/06/21 6:06:10 AM",0,0,0,5
"17/06/21 6:06:23 AM",27.508,31.86,6.03,1
"17/06/21 7:06:12 AM",0,0,0,5
"17/06/21 7:06:23 AM",39.669,31.73,5.91,1
"17/06/21 7:06:10 AM",0,0,0,5
"17/06/21 7:06:23 AM",26.199,32.16,6.05,1
"17/06/21 8:06:11 AM",0,0,0,5
"17/06/21 8:06:24 AM",38.576,31.55,6.03,1
"17/06/21 8:06:12 AM",0,0,0,5
"17/06/21 8:06:24 AM",51.32,29.71,5.87,1
"17/06/21 9:06:09 AM",0,0,0,5
"17/06/21 9:06:23 AM",29.952,30.44,6,1
"17/06/21 9:06:12 AM",0,0,0,5
"17/06/21 9:06:23 AM",36.837,31.29,5.98,1
"17/06/21 10:06:10 AM",0,0,0,5
"17/06/21 10:06:23 AM",29.867,31.89,5.92,1
"17/06/21 10:06:11 AM",0,0,0,5
"17/06/21 10:06:23 AM",30.772,26.03,5.93,1
"17/06/21 11:06:12 AM",0,0,0,5
"17/06/21 11:06:23 AM",44.282,31.19,5.95,1
"17/06/21 11:06:12 AM",0,0,0,5
"17/06/21 11:06:23 AM",29.825,31.32,5.97,1
"17/06/21 12:06:16 PM",84.664,4,0.84,1
"17/06/21 12:06:44 PM",62.296,3.21,1.81,1
"17/06/21 12:06:38 PM",26.475,71.49,5.67,2
"17/06/21 12:06:25 PM",37.141,7.4,6.02,1
"17/06/21 1:06:11 PM",0,0,0,5
"17/06/21 1:06:23 PM",32.141,168.1,5.86,1
"17/06/21 1:06:14 PM",0,0,0,5
"17/06/21 1:06:23 PM",32.574,95.9,5.74,1
"17/06/21 2:06:12 PM",0,0,0,5
"17/06/21 2:06:23 PM",35.406,161.63,6.04,1
"17/06/21 2:06:10 PM",0,0,0,5
"17/06/21 2:06:24 PM",50.862,132.53,5.9,1
"17/06/21 3:06:13 PM",0,0,0,5
"17/06/21 3:06:25 PM",48.138,118.05,5.95,1
"17/06/21 3:06:10 PM",0,0,0,5
"17/06/21 3:06:23 PM",30.667,133.17,5.99,1
"17/06/21 4:06:11 PM",0,0,0,5
"17/06/21 4:06:24 PM",28.227,147.01,5.83,1
"17/06/21 4:06:12 PM",0,0,0,5
"17/06/21 4:06:24 PM",55.131,136.66,5.21,1
"17/06/21 5:06:09 PM",0,0,0,5
"17/06/21 5:06:24 PM",36.131,170.42,5.93,1
"17/06/21 5:06:11 PM",0,0,0,5
"17/06/21 5:06:27 PM",54.46,138.74,5.91,1
"17/06/21 6:06:11 PM",0,0,0,5
"17/06/21 6:06:24 PM",46.143,153.74,6.02,1
"17/06/21 6:06:11 PM",0,0,0,5
"17/06/21 6:06:25 PM",47.737,134.64,5.82,1
"17/06/21 7:06:09 PM",0,0,0,5
"17/06/21 7:06:24 PM",39.969,184.51,5.89,1
"17/06/21 7:06:10 PM",0,0,0,5
"17/06/21 7:06:23 PM",28.648,161.8,6.02,1
"17/06/21 8:06:11 PM",0,0,0,5
"17/06/21 8:06:25 PM",55.21,149.58,5.87,1
"17/06/21 8:06:10 PM",0,0,0,5
"17/06/21 8:06:24 PM",40.926,187.63,6.02,1
"17/06/21 9:06:10 PM",0,0,0,5
"17/06/21 9:06:24 PM",34.434,173.16,6.13,1
"17/06/21 9:06:12 PM",0,0,0,5
"17/06/21 9:06:23 PM",32.086,177.04,5.94,1
"17/06/21 10:06:13 PM",0,0,0,5
"17/06/21 10:06:23 PM",32.713,168.54,5.81,1
"17/06/21 10:06:12 PM",0,0,0,5
"17/06/21 10:06:24 PM",36.296,137.4,6.04,1
"17/06/21 11:06:11 PM",0,0,0,5
"17/06/21 11:06:23 PM",29.137,122.48,6.02,1
"17/06/21 11:06:09 PM",0,0,0,5
"17/06/21 11:06:24 PM",29.55,188.8,5.85,1
"18/06/21 12:06:10 AM",0,0,0,5
"18/06/21 12:06:00 AM",38.488,120.59,5.87,4
"18/06/21 12:06:09 AM",0,0,0,5
"18/06/21 12:06:23 AM",33.099,160.17,5.97,1
"18/06/21 1:06:11 AM",0,0,0,5
"18/06/21 1:06:23 AM",43.439,167.44,6.01,1
"18/06/21 1:06:10 AM",0,0,0,5
"18/06/21 1:06:23 AM",29.09,168.28,5.9,1
"18/06/21 2:06:43 AM",33.104,6.59,1.35,2
"18/06/21 2:06:24 AM",37.474,174.92,6,1
"18/06/21 2:06:10 AM",0,0,0,5
"18/06/21 2:06:23 AM",34.966,159.83,5.93,1
"18/06/21 3:06:09 AM",0,0,0,5
"18/06/21 3:06:24 AM",28.818,173.04,5.73,1
"18/06/21 3:06:08 AM",0,0,0,5
"18/06/21 3:06:23 AM",27.677,179.61,5.93,1
"18/06/21 4:06:09 AM",0,0,0,5
"18/06/21 4:06:24 AM",28.049,180.29,5.94,1
"18/06/21 4:06:09 AM",0,0,0,5
"18/06/21 4:06:23 AM",27.801,181.89,6.04,1
"18/06/21 5:06:08 AM",0,0,0,5
"18/06/21 5:06:24 AM",29.881,173.25,5.99,1
"18/06/21 5:06:09 AM",0,0,0,5
"18/06/21 5:06:24 AM",35.813,174.97,5.97,1
"18/06/21 6:06:09 AM",0,0,0,5
"18/06/21 6:06:23 AM",30.433,165.34,5.96,1
"18/06/21 6:06:11 AM",0,0,0,5
"18/06/21 6:06:24 AM",30.391,177.37,6,1
"18/06/21 7:06:09 AM",0,0,0,5
"18/06/21 7:06:23 AM",36.016,158.33,6,1
"18/06/21 7:06:12 AM",0,0,0,5
"18/06/21 7:06:25 AM",32.424,164.11,5.9,1
"18/06/21 8:06:11 AM",0,0,0,5
"18/06/21 8:06:24 AM",31.642,168.6,4.25,1
"18/06/21 8:06:12 AM",0,0,0,5
"18/06/21 8:06:23 AM",32.791,164.66,5.93,1
"18/06/21 9:06:48 AM",73.205,187.27,2.7,3
"18/06/21 9:06:25 AM",30.225,173.95,1.06,1
"18/06/21 9:06:13 AM",0,0,0,5
"18/06/21 9:06:32 AM",50.564,6.04,4.68,1
"18/06/21 10:06:11 AM",0,0,0,5
"18/06/21 10:06:23 AM",42.434,20.39,6,1
"18/06/21 10:06:11 AM",0,0,0,5
"18/06/21 10:06:26 AM",60.14,123.36,5.99,1
"18/06/21 11:06:51 AM",67.536,9.55,2.78,2
"18/06/21 11:06:24 AM",44.387,159.33,6.07,1
"18/06/21 11:06:09 AM",0,0,0,5
"18/06/21 11:06:31 AM",33.437,0.81,3.83,1
"18/06/21 12:06:10 PM",0,0,0,5
"18/06/21 12:06:23 PM",35.924,155.73,5.94,1
"18/06/21 12:06:10 PM",0,0,0,5
"18/06/21 12:06:24 PM",31.813,194.9,6,1
"18/06/21 1:06:12 PM",0,0,0,5
"18/06/21 1:06:27 PM",48.857,168.78,5.96,1
"18/06/21 1:06:12 PM",0,0,0,5
"18/06/21 1:06:24 PM",33.72,154.74,5.88,1
"18/06/21 2:06:10 PM",0,0,0,5
"18/06/21 2:06:24 PM",56.436,118.22,6.02,1
"18/06/21 2:06:10 PM",0,0,0,5
"18/06/21 2:06:25 PM",56.663,138,5.79,1
"18/06/21 3:06:10 PM",0,0,0,5
"18/06/21 3:06:24 PM",39.393,96.23,5.94,1
"18/06/21 3:06:11 PM",0,0,0,5
"18/06/21 3:06:25 PM",39.936,146.7,5.24,1
"18/06/21 4:06:10 PM",0,0,0,5
"18/06/21 4:06:24 PM",32.44,87.32,5.92,1
"18/06/21 4:06:11 PM",0,0,0,5
"18/06/21 4:06:24 PM",31.406,143.41,5.98,1
"18/06/21 5:06:10 PM",0,0,0,5
"18/06/21 5:06:24 PM",31.565,122.17,5.45,1
"18/06/21 5:06:09 PM",0,0,0,5
"18/06/21 5:06:23 PM",30.825,160.18,6.07,1
"18/06/21 6:06:12 PM",0,0,0,5
"18/06/21 6:06:27 PM",44.874,52.64,5.71,1
"18/06/21 6:06:10 PM",0,0,0,5
"18/06/21 6:06:24 PM",28.455,158.16,5.43,1
"18/06/21 7:06:09 PM",0,0,0,5
"18/06/21 7:06:24 PM",40.66,155.82,5.74,1
"18/06/21 7:06:12 PM",0,0,0,5
"18/06/21 7:06:23 PM",30.437,174.05,6.03,1
"18/06/21 8:06:10 PM",0,0,0,5
"18/06/21 8:06:23 PM",28.71,165.41,5.84,1
"18/06/21 8:06:11 PM",0,0,0,5
"18/06/21 8:06:23 PM",29.651,119.84,5.97,1
"18/06/21 9:06:11 PM",0,0,0,5
"18/06/21 9:06:24 PM",54.767,140.11,5.81,1
"18/06/21 9:06:09 PM",0,0,0,5
"18/06/21 9:06:24 PM",28.762,181.77,5.92,1
"18/06/21 10:06:11 PM",0,0,0,5
"18/06/21 10:06:24 PM",50.145,134.5,6.2,1
"18/06/21 10:06:10 PM",0,0,0,5
"18/06/21 10:06:24 PM",49.416,126.9,6.18,1
"18/06/21 11:06:11 PM",0,0,0,5
"18/06/21 11:06:30 PM",49.416,8.62,5.95,1
"18/06/21 11:06:11 PM",0,0,0,5
"18/06/21 11:06:23 PM",41.053,151.91,5.9,1
"19/06/21 12:06:13 AM",0,0,0,5
"19/06/21 12:06:23 AM",28.228,172.58,5.95,1
"19/06/21 12:06:14 AM",0,0,0,5
"19/06/21 12:06:23 AM",34.75,173.48,6.05,1
"19/06/21 1:06:09 AM",0,0,0,5
"19/06/21 1:06:24 AM",29.138,151.7,5.95,1
"19/06/21 1:06:10 AM",0,0,0,5
"19/06/21 1:06:23 AM",32.104,160.9,6,1
"19/06/21 2:06:11 AM",0,0,0,5
"19/06/21 2:06:23 AM",34.439,163.12,5.98,1
"19/06/21 2:06:10 AM",0,0,0,5
"19/06/21 2:06:24 AM",36.483,181.64,5.98,1
"19/06/21 3:06:10 AM",0,0,0,5
"19/06/21 3:06:24 AM",34.166,194.36,6.21,1
"19/06/21 3:06:11 AM",0,0,0,5
"19/06/21 3:06:23 AM",32.92,200.75,5.92,1
"19/06/21 4:06:09 AM",0,0,0,5
"19/06/21 4:06:24 AM",33.379,166.17,6,1
"19/06/21 4:06:08 AM",0,0,0,5
"19/06/21 4:06:24 AM",32.097,188.56,5.99,1
"19/06/21 5:06:08 AM",0,0,0,5
"19/06/21 5:06:24 AM",31.087,160.54,6.05,1
"19/06/21 5:06:10 AM",0,0,0,5
"19/06/21 5:06:24 AM",30.459,166.81,5.88,1
"19/06/21 6:06:10 AM",0,0,0,5
"19/06/21 6:06:23 AM",33.488,160.32,5.94,1
"19/06/21 6:06:12 AM",0,0,0,5
"19/06/21 6:06:23 AM",33.798,172.46,5.95,1
"19/06/21 7:06:12 AM",0,0,0,5
"19/06/21 7:06:23 AM",33.377,146.86,5.93,1
"19/06/21 7:06:38 AM",61.894,105.53,5.98,5
"19/06/21 7:06:24 AM",30.029,167.51,5.97,1
"19/06/21 8:06:11 AM",0,0,0,5
"19/06/21 8:06:23 AM",26.531,191.5,6.04,1
"19/06/21 8:06:11 AM",0,0,0,5
"19/06/21 8:06:23 AM",30.66,187.67,5.95,1
"19/06/21 9:06:09 AM",0,0,0,5
"19/06/21 9:06:23 AM",32.932,152.02,6.03,1
"19/06/21 9:06:10 AM",0,0,0,5
"19/06/21 9:06:24 AM",27.291,190.14,6.2,1
"19/06/21 10:06:10 AM",0,0,0,5
"19/06/21 10:06:23 AM",27.811,162.13,5.82,1
"19/06/21 10:06:08 AM",0,0,0,5
"19/06/21 10:06:23 AM",29.481,168.23,5.98,1
"19/06/21 11:06:10 AM",0,0,0,5
"19/06/21 11:06:23 AM",34.392,174.33,5.92,1
"19/06/21 11:06:09 AM",0,0,0,5
"19/06/21 11:06:23 AM",31.725,178.38,5.99,1
"19/06/21 12:06:12 PM",0,0,0,5
"19/06/21 12:06:23 PM",35.456,155.33,5.79,1
"19/06/21 12:06:08 PM",0,0,0,5
"19/06/21 12:06:23 PM",41.201,183.87,5.85,1
"19/06/21 1:06:11 PM",0,0,0,5
"19/06/21 1:06:24 PM",45.137,140.52,5.88,1
"19/06/21 1:06:09 PM",0,0,0,5
"19/06/21 1:06:24 PM",45.808,179.43,5.76,1
"19/06/21 2:06:09 PM",0,0,0,5
"19/06/21 2:06:24 PM",32.97,148.66,6.14,1
"19/06/21 2:06:09 PM",0,0,0,5
"19/06/21 2:06:24 PM",34.029,173.75,5.92,1
"19/06/21 3:06:09 PM",0,0,0,5
"19/06/21 3:06:24 PM",36.352,152.1,5.93,1
"19/06/21 3:06:10 PM",0,0,0,5
"19/06/21 3:06:23 PM",37.4,182.45,6.17,1
"19/06/21 4:06:11 PM",0,0,0,5
"19/06/21 4:06:23 PM",35.158,117.81,5.92,1
"19/06/21 4:06:10 PM",0,0,0,5
"19/06/21 4:06:24 PM",34.943,146.64,6.1,1
"19/06/21 5:06:11 PM",0,0,0,5
"19/06/21 5:06:24 PM",28.515,166.45,5.76,1
"19/06/21 5:06:08 PM",0,0,0,5
"19/06/21 5:06:24 PM",37.553,178.18,5.89,1
"19/06/21 6:06:11 PM",0,0,0,5
"19/06/21 6:06:24 PM",35.167,168.87,6.11,1
"19/06/21 6:06:10 PM",0,0,0,5
"19/06/21 6:06:23 PM",25.798,153.26,5.99,1
"19/06/21 7:06:10 PM",0,0,0,5
"19/06/21 7:06:23 PM",31.626,180.72,5.95,1
"19/06/21 7:06:10 PM",0,0,0,5
"19/06/21 7:06:23 PM",34.583,172.86,6.11,1
"19/06/21 8:06:09 PM",0,0,0,5
"19/06/21 8:06:24 PM",34.146,164.61,5.97,1
"19/06/21 8:06:10 PM",0,0,0,5
"19/06/21 8:06:23 PM",31.982,193.33,5.92,1
"19/06/21 9:06:37 PM",35.245,140.26,5.87,2
"19/06/21 9:06:23 PM",36.904,189.82,5.92,1
"19/06/21 9:06:10 PM",0,0,0,5
"19/06/21 9:06:24 PM",26.437,149.38,5.92,1
"19/06/21 10:06:08 PM",0,0,0,5
"19/06/21 10:06:24 PM",41.583,140.67,6.14,1
"19/06/21 10:06:11 PM",0,0,0,5
"19/06/21 10:06:23 PM",34.781,91.03,5.91,1
"19/06/21 11:06:15 PM",0,0,0,5
"19/06/21 11:06:23 PM",36.404,174.93,6.18,1
"19/06/21 11:06:09 PM",0,0,0,5
"19/06/21 11:06:23 PM",35.494,148.08,6.02,1
"20/06/21 12:06:12 AM",0,0,0,5
"20/06/21 12:06:24 AM",30.245,168.54,5.6,1
"20/06/21 12:06:11 AM",0,0,0,5
"20/06/21 12:06:23 AM",31.963,184.58,6.03,1
"20/06/21 1:06:09 AM",0,0,0,5
"20/06/21 1:06:24 AM",41.1,175.13,6.09,1
"20/06/21 1:06:09 AM",0,0,0,5
"20/06/21 1:06:26 AM",37.994,146.87,5.92,1
"20/06/21 2:06:10 AM",0,0,0,5
"20/06/21 2:06:24 AM",41.35,171.23,6,1
"20/06/21 2:06:09 AM",0,0,0,5
"20/06/21 2:06:24 AM",27.464,189.23,5.99,1
"20/06/21 3:06:10 AM",0,0,0,5
"20/06/21 3:06:24 AM",27.793,164.36,5.98,1
"20/06/21 3:06:09 AM",0,0,0,5
"20/06/21 3:06:23 AM",43.99,134.79,6.17,1
"20/06/21 4:06:12 AM",0,0,0,5
"20/06/21 4:06:23 AM",42.805,148.53,6.19,1
"20/06/21 4:06:09 AM",0,0,0,5
"20/06/21 4:06:24 AM",49.575,173.74,6.1,1
"20/06/21 5:06:11 AM",0,0,0,5
"20/06/21 5:06:23 AM",37.904,156.5,5.96,1
"20/06/21 5:06:10 AM",0,0,0,5
"20/06/21 5:06:23 AM",29.636,165.92,6.07,1
"20/06/21 6:06:09 AM",0,0,0,5
"20/06/21 6:06:23 AM",32.535,178.07,6.15,1
"20/06/21 6:06:10 AM",0,0,0,5
"20/06/21 6:06:23 AM",34.01,164.64,5.88,1
"20/06/21 7:06:10 AM",0,0,0,5
"20/06/21 7:06:23 AM",27.12,179.04,5.87,1
"20/06/21 7:06:10 AM",0,0,0,5
"20/06/21 7:06:23 AM",38.676,38.5,5.77,1
"20/06/21 8:06:11 AM",0,0,0,5
"20/06/21 8:06:23 AM",29.186,174.67,5.95,1
"20/06/21 8:06:11 AM",0,0,0,5
"20/06/21 8:06:23 AM",31.842,164.69,5.93,1
"20/06/21 9:06:09 AM",0,0,0,5
"20/06/21 9:06:23 AM",30.421,158.23,5.82,1
"20/06/21 9:06:12 AM",0,0,0,5
"20/06/21 9:06:23 AM",29.314,169.3,5.94,1
"20/06/21 10:06:09 AM",0,0,0,5
"20/06/21 10:06:24 AM",31.326,162.34,5.59,1
"20/06/21 10:06:09 AM",0,0,0,5
"20/06/21 10:06:24 AM",35.193,179.97,5.96,1
"20/06/21 11:06:10 AM",0,0,0,5
"20/06/21 11:06:23 AM",27.432,159.23,5.97,1
"20/06/21 11:06:11 AM",0,0,0,5
"20/06/21 11:06:23 AM",30.598,146.87,5.91,1
"20/06/21 12:06:10 PM",0,0,0,5
"20/06/21 12:06:24 PM",41.589,170.93,6.02,1
"20/06/21 12:06:10 PM",0,0,0,5
"20/06/21 12:06:23 PM",33.305,188.32,6.07,1
"20/06/21 1:06:10 PM",0,0,0,5
"20/06/21 1:06:23 PM",31.939,175.23,6.01,1
"20/06/21 1:06:11 PM",0,0,0,5
"20/06/21 1:06:23 PM",29.48,158.57,5.73,1
"20/06/21 2:06:10 PM",0,0,0,5
"20/06/21 2:06:24 PM",38.747,164.36,5.77,1
"20/06/21 2:06:12 PM",0,0,0,5
"20/06/21 2:06:24 PM",40.43,149.11,5.67,1
"20/06/21 3:06:11 PM",0,0,0,5
"20/06/21 3:06:24 PM",33.412,164.48,5.95,1
"20/06/21 3:06:11 PM",0,0,0,5
"20/06/21 3:06:24 PM",39.86,184.64,6.13,1
"20/06/21 4:06:12 PM",0,0,0,5
"20/06/21 4:06:23 PM",40.057,145.54,6.04,1
"20/06/21 4:06:12 PM",0,0,0,5
"20/06/21 4:06:24 PM",54.41,133.17,6.18,1
"20/06/21 5:06:14 PM",0,0,0,5
"20/06/21 5:06:23 PM",53.681,31.86,6.1,1
"20/06/21 5:06:13 PM",0,0,0,5
"20/06/21 5:06:23 PM",37.455,29.96,5.96,1
"20/06/21 6:06:10 PM",0,0,0,5
"20/06/21 6:06:24 PM",47.525,31.21,6.08,1
"20/06/21 6:06:12 PM",0,0,0,5
"20/06/21 6:06:32 PM",44.722,31.77,3.47,1
"20/06/21 7:06:11 PM",0,0,0,5
"20/06/21 7:06:24 PM",51.172,31.93,6.25,1
"20/06/21 7:06:44 PM",29.879,30.59,5.97,1
"20/06/21 7:06:24 PM",47.334,32.06,5.96,1
"20/06/21 8:06:46 PM",34.249,29.7,5.4,1
"20/06/21 8:06:24 PM",47.499,26.29,6.02,1
"20/06/21 8:06:45 PM",34.382,25.94,5.69,1
"20/06/21 8:06:24 PM",38.331,22.67,5.82,1
"20/06/21 9:06:44 PM",38.108,25.41,5.69,1
"20/06/21 9:06:23 PM",32.371,22.75,5.88,1
